iteration,Episode_Reward/aim,Episode_Reward/cue_scratch,Episode_Reward/foul,Episode_Reward/nine_ball,Episode_Reward/spread,Episode_Termination/balls_at_rest,Episode_Termination/break_foul,Episode_Termination/time_out,Loss/entropy,Loss/learning_rate,Loss/surrogate,Loss/value,Perf/collection_time,Perf/learning_time,Perf/total_fps,Policy/mean_std,Train/mean_episode_length,Train/mean_reward
0,0.014699852094054222,-0.0008681251783855259,-0.07618668675422668,0.0,0.0007238777470774949,0.5552978515625,0.07733154296875,0.11767578125,3.012585163116455,0.0034171876031905413,0.00179577199742198,1.4484405517578125,6.815589427947998,0.28175806999206543,2308.0,0.398407518863678,6.829999923706055,-1.5923523902893066
1,0.017555374652147293,-0.001532809343189001,-0.09336034953594208,0.0,0.0007572752074338496,0.9150390625,0.08819580078125,0.00299072265625,2.938929557800293,0.009999999776482582,0.0015262039378285408,0.9248021841049194,6.477667808532715,0.10033369064331055,2490.0,0.39354822039604187,6.159999847412109,-1.5426113605499268
2,0.01752379536628723,-0.001488346140831709,-0.09374450147151947,0.0,0.0007159977685660124,0.92327880859375,0.07818603515625,0.004150390625,2.8091375827789307,0.009999999776482582,-0.0008806113619357347,0.49238476157188416,6.662220478057861,0.09753751754760742,2423.0,0.3858771324157715,6.53000020980835,-1.4863834381103516
3,0.01770099252462387,-0.0016756958793848753,-0.093764528632164,0.0,0.0008622144814580679,0.91961669921875,0.08306884765625,0.00286865234375,2.78302001953125,0.009999999776482582,-0.001293590059503913,0.24562937021255493,6.52535343170166,0.10005068778991699,2472.0,0.3855012357234955,6.389999866485596,-1.5267553329467773
4,0.017726484686136246,-0.0008826105040498078,-0.09376095235347748,0.0,0.0007252889918163419,0.92779541015625,0.0745849609375,0.00299072265625,2.6402816772460938,0.00017341530474368483,-0.0024215211160480976,0.1262451857328415,6.5097808837890625,0.09604787826538086,2480.0,0.3744913935661316,6.150000095367432,-1.52437162399292
5,0.01786450855433941,-0.0019631043542176485,-0.09201272577047348,0.0,0.0010146754793822765,0.91241455078125,0.08892822265625,0.00360107421875,2.4898841381073,0.00011561020073713735,-0.0019913173746317625,0.16914169490337372,6.713105201721191,0.1270451545715332,2395.0,0.3645273447036743,6.460000038146973,-1.5051493644714355
6,0.01808968186378479,-0.002031330019235611,-0.09152117371559143,0.0,0.0013744302559643984,0.90167236328125,0.099365234375,0.00482177734375,2.282819986343384,0.0019753086380660534,-0.0017254023114219308,0.18264518678188324,6.725464820861816,0.10053753852844238,2400.0,0.3542117476463318,6.389999866485596,-1.4147188663482666
7,0.018246978521347046,-0.002415535505861044,-0.09081360697746277,0.0,0.0015605250373482704,0.89385986328125,0.109130859375,0.00311279296875,1.954935073852539,3.425487375352532e-05,-0.0024781418032944202,0.19074060022830963,6.568434715270996,0.09552788734436035,2458.0,0.3456377387046814,6.239999771118164,-1.4842345714569092
8,0.01853661797940731,-0.0018287522252649069,-0.08960562199354172,0.0,0.001961057772859931,0.89013671875,0.1151123046875,0.00177001953125,1.8124028444290161,0.0002601229352876544,-0.0020829972345381975,0.22322209179401398,6.606680870056152,0.09653234481811523,2444.0,0.33912521600723267,6.53000020980835,-1.3191372156143188
9,0.018710874021053314,-0.0027750255540013313,-0.08790959417819977,0.0,0.002493639476597309,0.87811279296875,0.12469482421875,0.00396728515625,1.523880958557129,3.425487375352532e-05,-0.00269541353918612,0.272655189037323,6.546728134155273,0.09104537963867188,2468.0,0.33228233456611633,6.25,-1.3546080589294434
10,0.01897958107292652,-0.004189987201243639,-0.08396220207214355,0.0,0.0035937672946602106,0.84954833984375,0.15911865234375,0.0028076171875,1.3519785404205322,5.1382310630287975e-05,-0.0027179575990885496,0.39084136486053467,6.212278366088867,0.09102869033813477,2599.0,0.32755014300346375,5.849999904632568,-1.1597386598587036
11,0.01909596100449562,-0.004601721651852131,-0.08245009183883667,0.0,0.0046082111075520515,0.837890625,0.17083740234375,0.00421142578125,1.1597743034362793,0.00039018443203531206,-0.0032714405097067356,0.48586395382881165,6.288893699645996,0.09003853797912598,2568.0,0.32129162549972534,5.889999866485596,-1.199394702911377
12,0.019159682095050812,-0.005771431140601635,-0.07959970086812973,0.0,0.005818475503474474,0.820556640625,0.18695068359375,0.00506591796875,0.8991832733154297,0.00011561020073713735,-0.0043013752438127995,0.5679763555526733,6.269957542419434,0.09052753448486328,2575.0,0.3149166703224182,5.829999923706055,-1.1759506464004517
13,0.019281048327684402,-0.006608519237488508,-0.07850669324398041,0.0,0.006489584222435951,0.79901123046875,0.2083740234375,0.00531005859375,0.7485641837120056,9.999999747378752e-06,-0.003536827629432082,0.6202972531318665,6.282216548919678,0.09417462348937988,2569.0,0.31183576583862305,5.659999847412109,-0.9855061769485474
14,0.019318196922540665,-0.006736648268997669,-0.07515455782413483,0.0,0.007957405410706997,0.7801513671875,0.22271728515625,0.0059814453125,0.6454530954360962,0.00038443360244855285,-0.002819522051140666,0.6913400888442993,6.303896427154541,0.09003043174743652,2562.0,0.3074936270713806,5.329999923706055,-1.1950006484985352
15,0.01935173198580742,-0.0075998567044734955,-0.07422485947608948,0.0,0.008638210594654083,0.78045654296875,0.22283935546875,0.00665283203125,0.3330939710140228,5.062499985797331e-05,-0.00539875915274024,0.7647554278373718,6.288714408874512,0.09203267097473145,2567.0,0.30132776498794556,5.789999961853027,-1.117665410041809
16,0.01941068097949028,-0.008408986032009125,-0.06979747116565704,4.528985664364882e-05,0.010396969504654408,0.77618408203125,0.22784423828125,0.0091552734375,0.20474569499492645,7.593750342493877e-05,-0.003553509246557951,0.9070652723312378,6.2970733642578125,0.08953094482421875,2565.0,0.29905954003334045,5.449999809265137,-1.0544487237930298
17,0.019498826935887337,-0.010046962648630142,-0.06704025715589523,0.0,0.01191005203872919,0.74432373046875,0.25701904296875,0.00823974609375,-0.004078668542206287,2.2500000341096893e-05,-0.004130159970372915,0.9703528881072998,6.372504234313965,0.08952593803405762,2535.0,0.29398593306541443,5.53000020980835,-0.9151629209518433
18,0.019569996744394302,-0.008646490052342415,-0.06631980091333389,0.0,0.01267634890973568,0.7479248046875,0.25494384765625,0.00616455078125,-0.15552577376365662,0.0002562890585977584,-0.0038244961760938168,1.0953502655029297,6.3366618156433105,0.09052753448486328,2549.0,0.290695458650589,5.179999828338623,-0.8504212498664856
19,0.019619198516011238,-0.011432403698563576,-0.06206834316253662,0.0,0.01476647611707449,0.72369384765625,0.28277587890625,0.0064697265625,-0.4338783919811249,0.00038443360244855285,-0.005247536115348339,1.1846139430999756,6.3714141845703125,0.10291886329650879,2530.0,0.28534382581710815,5.449999809265137,-0.7953510880470276
20,0.019622832536697388,-0.01283957902342081,-0.05870264023542404,4.528985664364882e-05,0.01704506389796734,0.72528076171875,0.28118896484375,0.009033203125,-0.6915842890739441,3.3749998692655936e-05,-0.004303427878767252,1.2883987426757812,6.427948951721191,0.09105300903320312,2513.0,0.27980107069015503,5.03000020980835,-0.6732810139656067
21,0.019723277539014816,-0.015208940021693707,-0.053281269967556,0.0,0.02027316950261593,0.73907470703125,0.27056884765625,0.00543212890625,-0.8907354474067688,0.0002562890585977584,-0.0038318526931107044,1.4547388553619385,6.395264625549316,0.0920417308807373,2525.0,0.2768094539642334,5.239999771118164,-0.1616700440645218
22,0.01979631558060646,-0.013953519985079765,-0.052776917815208435,0.0,0.020415792241692543,0.75335693359375,0.2552490234375,0.00433349609375,-1.1770472526550293,0.0002562890585977584,-0.004776930436491966,1.519620418548584,6.5117292404174805,0.08953976631164551,2481.0,0.27292490005493164,5.070000171661377,-0.5997697114944458
23,0.0197859238833189,-0.016753975301980972,-0.04790361970663071,0.0,0.02332322672009468,0.778076171875,0.23004150390625,0.005859375,-1.4133620262145996,0.0002562890585977584,-0.003141679335385561,1.5975502729415894,6.449026107788086,0.09054064750671387,2505.0,0.26830095052719116,5.25,-0.27405983209609985
24,0.019816037267446518,-0.02012084797024727,-0.043627507984638214,0.0,0.02607877552509308,0.802001953125,0.20794677734375,0.0062255859375,-1.6188021898269653,0.00038443360244855285,-0.0017804004019126296,1.656040072441101,6.490940093994141,0.09102988243103027,2489.0,0.2628442943096161,5.150000095367432,-0.3909933865070343
25,0.019838668406009674,-0.023394720628857613,-0.04106215387582779,0.0,0.028012244030833244,0.82470703125,0.18218994140625,0.00634765625,-1.8314415216445923,0.0002562890585977584,0.00025697500677779317,1.69425368309021,6.510547637939453,0.09003472328186035,2482.0,0.2601765990257263,5.460000038146973,-0.21055462956428528
26,0.01986585557460785,-0.02475745975971222,-0.03982692211866379,4.280822031432763e-05,0.02987131103873253,0.84808349609375,0.16229248046875,0.00421142578125,-2.015662908554077,7.593750342493877e-05,-0.002380176680162549,1.7581260204315186,6.459124565124512,0.08852481842041016,2502.0,0.25774478912353516,5.110000133514404,-0.16557759046554565
27,0.019827157258987427,-0.025431253015995026,-0.03657086193561554,4.908377377432771e-05,0.030938874930143356,0.86895751953125,0.1363525390625,0.0067138671875,-2.130559206008911,0.0005766503745689988,-0.0010805466445162892,1.7154052257537842,6.462934494018555,0.09053683280944824,2500.0,0.2544982135295868,5.690000057220459,-0.15142656862735748
28,0.01985335350036621,-0.025431310757994652,-0.03582431748509407,0.0,0.03179141879081726,0.880126953125,0.12628173828125,0.00543212890625,-2.320930242538452,0.0005766503745689988,-0.0005850529996678233,1.780761957168579,6.434627532958984,0.08902812004089355,2511.0,0.2504391670227051,5.400000095367432,-0.1489025503396988
29,0.019868113100528717,-0.026616867631673813,-0.03546819090843201,5.1795581384794787e-05,0.03211326524615288,0.886962890625,0.1201171875,0.00543212890625,-2.432922840118408,0.0008649755618534982,-0.0001378004817524925,1.7133570909500122,6.493611812591553,0.08953571319580078,2488.0,0.24620303511619568,5.599999904632568,-0.16323700547218323
30,0.019882462918758392,-0.026310179382562637,-0.033427100628614426,0.0,0.033862851560115814,0.8990478515625,0.11083984375,0.00506591796875,-2.5598297119140625,0.0005766503745689988,0.0019644659478217363,1.7328740358352661,6.519076824188232,0.09303665161132812,2477.0,0.2445216178894043,5.559999942779541,-0.21374934911727905
31,0.01994340866804123,-0.02718379534780979,-0.034057632088661194,0.0,0.03489334136247635,0.8958740234375,0.11358642578125,0.00225830078125,-2.6519651412963867,0.0005766503745689988,0.0003341834817547351,1.769623041152954,6.472939491271973,0.09102916717529297,2496.0,0.2425067126750946,5.679999828338623,-0.27408909797668457
32,0.019864678382873535,-0.029521871358156204,-0.030224643647670746,0.0,0.03556748852133751,0.92315673828125,0.08544921875,0.00555419921875,-2.699357748031616,0.0005766503745689988,0.001033333595842123,1.7478795051574707,6.501081466674805,0.09202742576599121,2485.0,0.24159887433052063,5.239999771118164,-0.13451620936393738
33,0.01986783742904663,-0.027153650298714638,-0.030514461919665337,0.0,0.03579284995794296,0.91998291015625,0.0855712890625,0.00555419921875,-2.781005859375,0.0002562890585977584,0.002500376896932721,1.6879611015319824,6.517704010009766,0.09103083610534668,2479.0,0.23953954875469208,6.03000020980835,0.012303424067795277
34,0.019916299730539322,-0.031092826277017593,-0.030834350734949112,0.0,0.03576616197824478,0.923095703125,0.0848388671875,0.0035400390625,-2.8583858013153076,0.0005766503745689988,0.0013432982377707958,1.6739155054092407,6.448427200317383,0.09353041648864746,2504.0,0.2377661168575287,5.829999923706055,0.26849165558815
35,0.019896965473890305,-0.031792689114809036,-0.030770499259233475,0.0,0.03660573810338974,0.937744140625,0.06610107421875,0.005126953125,-2.877896785736084,0.0008649755618534982,0.001256984076462686,1.6774855852127075,6.508631706237793,0.09003090858459473,2482.0,0.2357253134250641,5.690000057220459,0.02699047327041626
36,0.019834445789456367,-0.02783374860882759,-0.029894761741161346,0.0,0.036222584545612335,0.92529296875,0.076904296875,0.00732421875,-2.968088150024414,9.999999747378752e-06,0.004899364896118641,1.6316959857940674,6.465385437011719,0.08952498435974121,2499.0,0.23460082709789276,5.519999980926514,0.16774882376194
37,0.019857032224535942,-0.032379455864429474,-0.028553839772939682,0.0,0.03816371411085129,0.92962646484375,0.073486328125,0.0078125,-2.9996840953826904,0.00017085937724914402,0.000831509823910892,1.6832727193832397,6.425252914428711,0.09283947944641113,2513.0,0.23389753699302673,6.010000228881836,0.07633281499147415
38,0.01983805000782013,-0.03407648205757141,-0.029363349080085754,0.0,0.03702931851148605,0.93994140625,0.06390380859375,0.00738525390625,-3.0766658782958984,0.0012974634300917387,0.00036822911351919174,1.6908024549484253,6.490652084350586,0.09452009201049805,2488.0,0.2296147346496582,5.599999904632568,-0.4908525347709656
39,0.01985897868871689,-0.031129108741879463,-0.028296511620283127,0.0,0.03759720176458359,0.93328857421875,0.07220458984375,0.00677490234375,-3.1759142875671387,0.00038443360244855285,0.002737104892730713,2.066187858581543,6.435656547546387,0.08953428268432617,2510.0,0.2266155481338501,5.53000020980835,0.10162508487701416
40,0.019838847219944,-0.030460920184850693,-0.03084906004369259,0.0,0.036803122609853745,0.932861328125,0.0718994140625,0.0062255859375,-3.2182252407073975,0.00011390625149942935,0.0027270251885056496,1.7552878856658936,6.4940900802612305,0.0925290584564209,2487.0,0.2256402224302292,5.920000076293945,-0.04574289917945862
41,0.019856037572026253,-0.033324338495731354,-0.026820126920938492,0.0,0.03960895538330078,0.9449462890625,0.06134033203125,0.00677490234375,-3.2830259799957275,2.2500000341096893e-05,0.0036433879286050797,1.750414252281189,6.506274223327637,0.09200024604797363,2483.0,0.225867360830307,5.849999904632568,-0.25693172216415405
42,0.019873231649398804,-0.03203517943620682,-0.026622945442795753,0.0,0.038816772401332855,0.9468994140625,0.05816650390625,0.00543212890625,-3.3056020736694336,0.00038443360244855285,-0.0002645431668497622,1.6788686513900757,6.476816177368164,0.09154391288757324,2494.0,0.22555458545684814,5.929999828338623,-0.07582419365644455
43,0.019874196499586105,-0.03469990938901901,-0.026468388736248016,0.0,0.03877028077840805,0.95648193359375,0.04656982421875,0.0052490234375,-3.3987107276916504,0.0005766503745689988,0.0008936534868553281,1.6513192653656006,6.525583744049072,0.08902454376220703,2476.0,0.22351723909378052,5.869999885559082,-0.2757377624511719
44,0.019946834072470665,-0.03306708484888077,-0.027629781514406204,0.0,0.0385923907160759,0.955810546875,0.05377197265625,0.001953125,-3.4449946880340576,0.00038443360244855285,0.0020700751338154078,1.6730610132217407,6.439475059509277,0.08950471878051758,2509.0,0.2225060909986496,5.960000038146973,0.09374507516622543
45,0.019882861524820328,-0.0314534492790699,-0.027204439043998718,0.0,0.03875183314085007,0.95208740234375,0.05499267578125,0.0045166015625,-3.447783946990967,0.00017085937724914402,0.002397773787379265,1.6834712028503418,6.435484886169434,0.09043312072753906,2510.0,0.2226853370666504,6.079999923706055,0.19356849789619446
46,0.019862178713083267,-0.031982362270355225,-0.028046442195773125,5.2966101065976545e-05,0.03875100985169411,0.93231201171875,0.07177734375,0.00775146484375,-3.453512191772461,0.0005766503745689988,0.0014684621710330248,1.6595683097839355,6.466955184936523,0.09203219413757324,2497.0,0.22225260734558105,5.889999866485596,0.009646457619965076
47,0.0198779609054327,-0.03357832133769989,-0.026193911209702492,0.0,0.03926660120487213,0.947021484375,0.0626220703125,0.0047607421875,-3.5274250507354736,0.00011390625149942935,0.0037396878469735384,1.6305955648422241,6.463173866271973,0.09253191947937012,2499.0,0.22177337110042572,5.769999980926514,-0.18760254979133606
48,0.019886884838342667,-0.03447551280260086,-0.026708435267210007,0.0,0.039582982659339905,0.961181640625,0.04071044921875,0.00347900390625,-3.5563485622406006,0.00017085937724914402,0.0022574830800294876,1.6656780242919922,6.479809284210205,0.08903622627258301,2494.0,0.2214251607656479,5.739999771118164,-0.04989901930093765
49,0.019899725914001465,-0.03402625024318695,-0.02529948577284813,0.0,0.04061818867921829,0.9688720703125,0.03448486328125,0.0048828125,-3.6114084720611572,0.0005766503745689988,0.00031678774394094944,1.6497042179107666,6.484814643859863,0.09352922439575195,2490.0,0.22048959136009216,5.800000190734863,0.2270459234714508
50,0.019913529977202415,-0.03350675478577614,-0.02526000142097473,0.0,0.04033322632312775,0.96978759765625,0.0352783203125,0.00335693359375,-3.625485897064209,0.00038443360244855285,0.0036314851604402065,1.6872310638427734,6.391545295715332,0.09153318405151367,2527.0,0.21999768912792206,5.960000038146973,0.09413333982229233
51,0.01986912451684475,-0.03636447712779045,-0.025112254545092583,0.0,0.04074473679065704,0.96441650390625,0.0377197265625,0.0054931640625,-3.6342673301696777,5.062499985797331e-05,0.003181557869538665,1.6698157787322998,6.711250305175781,0.1300063133239746,2394.0,0.2198338806629181,5.909999847412109,-0.17409580945968628
52,0.0198683924973011,-0.032565888017416,-0.026624778285622597,0.0,0.03996315598487854,0.96295166015625,0.03912353515625,0.0062255859375,-3.6523990631103516,2.2500000341096893e-05,0.0025053792633116245,1.6376121044158936,7.8957366943359375,0.08952879905700684,2051.0,0.21992139518260956,5.71999979019165,-0.338157594203949
53,0.01987440511584282,-0.03551885485649109,-0.027311306446790695,0.0,0.04027172178030014,0.9561767578125,0.05096435546875,0.00531005859375,-3.679784059524536,0.0005766503745689988,0.0008411603048443794,1.6525832414627075,6.40401554107666,0.09002876281738281,2522.0,0.219166561961174,5.639999866485596,-0.08599124848842621
54,0.01993708498775959,-0.033740729093551636,-0.02702106349170208,0.0,0.039700135588645935,0.9580078125,0.04986572265625,0.002685546875,-3.7949957847595215,7.593750342493877e-05,0.003242184640839696,1.6759419441223145,6.457242012023926,0.08953285217285156,2502.0,0.21831730008125305,5.710000038146973,-0.16211001574993134
55,0.0198750589042902,-0.03271637111902237,-0.02705969475209713,0.0,0.039559777826070786,0.9427490234375,0.06549072265625,0.00506591796875,-3.831286907196045,0.00011390625149942935,0.0022176713682711124,1.6315009593963623,6.446296691894531,0.09253191947937012,2505.0,0.2169838845729828,5.5,0.1430477350950241
56,0.019857803359627724,-0.031082529574632645,-0.027796251699328423,0.0,0.03944860398769379,0.93450927734375,0.0704345703125,0.0059814453125,-3.924499988555908,0.00017085937724914402,0.0009324467973783612,1.7108759880065918,6.508762359619141,0.08953714370727539,2483.0,0.21658025681972504,6.070000171661377,-0.12675033509731293
57,0.019901391118764877,-0.03014751523733139,-0.028935112059116364,0.0,0.0402105376124382,0.9305419921875,0.0753173828125,0.00469970703125,-4.0181169509887695,0.0005766503745689988,-5.81896529183723e-05,1.6882655620574951,6.4272260665893555,0.09105992317199707,2513.0,0.21585898101329803,5.360000133514404,0.001717043574899435
58,0.019913645461201668,-0.025671985000371933,-0.030586356297135353,0.0,0.037981972098350525,0.91229248046875,0.098876953125,0.004150390625,-4.147333145141602,0.0008649755618534982,-7.689348535677709e-07,1.5847196578979492,6.442822456359863,0.09000396728515625,2507.0,0.21414737403392792,5.440000057220459,0.14198563992977142
59,0.019859839230775833,-0.027071580290794373,-0.030295029282569885,0.0,0.038303595036268234,0.91741943359375,0.09344482421875,0.00592041015625,-4.216714382171631,0.0002562890585977584,0.0005548053304664791,1.5448493957519531,6.483470916748047,0.090545654296875,2492.0,0.2127571403980255,5.489999771118164,-0.0006056135753169656
60,0.01991588994860649,-0.026324693113565445,-0.030543558299541473,0.0,0.039012786000967026,0.913818359375,0.10223388671875,0.00323486328125,-4.340500354766846,7.593750342493877e-05,0.0009876195108518004,1.6711119413375854,6.468240261077881,0.09203362464904785,2497.0,0.21200554072856903,5.420000076293945,0.09435968101024628
61,0.01989118568599224,-0.025358058512210846,-0.028867419809103012,0.0,0.04026605188846588,0.9307861328125,0.082275390625,0.00408935546875,-4.502175331115723,0.0002562890585977584,-0.00023186417820397764,1.556524395942688,6.474889755249023,0.09052133560180664,2495.0,0.21113602817058563,5.389999866485596,0.14143586158752441
62,0.019895559176802635,-0.0254642516374588,-0.02946290373802185,0.0,0.040082983672618866,0.9405517578125,0.072509765625,0.00372314453125,-4.550036430358887,0.00011390625149942935,0.002013069111853838,1.4892157316207886,6.444209098815918,0.09053230285644531,2507.0,0.21025153994560242,5.449999809265137,0.08966407924890518
63,0.019849032163619995,-0.025204207748174667,-0.028112806379795074,0.0,0.038749463856220245,0.94293212890625,0.06781005859375,0.0057373046875,-4.697331428527832,0.00011390625149942935,0.0010631447657942772,1.4900860786437988,6.452054977416992,0.0895383358001709,2504.0,0.2099517583847046,5.360000133514404,0.11082857847213745
64,0.01984455995261669,-0.02571236342191696,-0.02852488122880459,0.0,0.03900717943906784,0.940673828125,0.07025146484375,0.00677490234375,-4.854682922363281,0.0005766503745689988,-0.0005282550118863583,1.5010544061660767,6.526871681213379,0.09164905548095703,2475.0,0.2096123993396759,5.130000114440918,-0.007929330691695213
65,0.019851351156830788,-0.022972896695137024,-0.028759613633155823,0.0,0.03856935724616051,0.946533203125,0.06842041015625,0.0062255859375,-4.9466376304626465,0.00038443360244855285,0.0012780948309227824,1.4434367418289185,6.426641941070557,0.08852791786193848,2514.0,0.20917478203773499,5.340000152587891,-0.015986910089850426
66,0.01981469802558422,-0.023231294006109238,-0.027605943381786346,0.0,0.03931784629821777,0.9466552734375,0.06402587890625,0.00885009765625,-5.080902099609375,0.0002562890585977584,0.00013660560944117606,1.4596238136291504,6.487565994262695,0.09111785888671875,2490.0,0.2084810733795166,5.119999885559082,-0.016543753445148468
67,0.019871268421411514,-0.018946774303913116,-0.028403563424944878,0.0,0.03918437659740448,0.94390869140625,0.0703125,0.0054931640625,-5.193856239318848,0.00011390625149942935,0.0011813913006335497,1.3812150955200195,6.508739471435547,0.0920405387878418,2482.0,0.20829778909683228,5.639999866485596,0.35619214177131653
68,0.019864272326231003,-0.018969515338540077,-0.02954041212797165,0.0,0.03807852417230606,0.9373779296875,0.08056640625,0.007080078125,-5.315083980560303,0.00017085937724914402,-0.00023732270346954465,1.3943867683410645,6.462920188903809,0.0905294418334961,2500.0,0.2080346792936325,5.5,0.06398463994264603
69,0.01988823339343071,-0.0187990665435791,-0.028574224561452866,0.0,0.039571814239025116,0.9466552734375,0.07135009765625,0.0052490234375,-5.472629070281982,0.00011390625149942935,0.0005220685270614922,1.3232803344726562,6.4591264724731445,0.08902859687805176,2502.0,0.20756235718727112,5.260000228881836,0.3387509286403656
70,0.019898105412721634,-0.01694590039551258,-0.02823399007320404,0.0,0.03941287472844124,0.94189453125,0.07806396484375,0.00482177734375,-5.5124592781066895,0.00011390625149942935,0.0019656550139188766,1.2748448848724365,6.43687629699707,0.0890188217163086,2510.0,0.2073521614074707,5.130000114440918,0.4503656029701233
71,0.019893528893589973,-0.017804885283112526,-0.028199775144457817,0.0,0.03935747221112251,0.94451904296875,0.07720947265625,0.0048828125,-5.687929630279541,0.00011390625149942935,0.001025627483613789,1.3060001134872437,6.418913841247559,0.09053325653076172,2516.0,0.20706945657730103,5.070000171661377,0.3990817666053772
72,0.01989332027733326,-0.01784414052963257,-0.028578367084264755,0.0,0.04135715961456299,0.940673828125,0.08233642578125,0.005126953125,-5.791589736938477,0.00017085937724914402,-9.539683378534392e-05,1.3293795585632324,6.525598049163818,0.09052824974060059,2476.0,0.2068750113248825,4.860000133514404,0.18474796414375305
73,0.019909027963876724,-0.016820132732391357,-0.029630152508616447,0.0,0.04031793028116226,0.93634033203125,0.09283447265625,0.00445556640625,-5.826928615570068,7.593750342493877e-05,0.0034472269471734762,1.2845842838287354,6.471160888671875,0.0910031795501709,2496.0,0.20669332146644592,4.989999771118164,0.17492501437664032
74,0.01986115053296089,-0.01720885932445526,-0.027572518214583397,0.0,0.03984894976019859,0.94378662109375,0.07745361328125,0.006103515625,-5.877208232879639,3.3749998692655936e-05,0.005083128344267607,1.3230054378509521,6.445294380187988,0.08953237533569336,2507.0,0.2065831422805786,4.920000076293945,0.17522095143795013
75,0.019832618534564972,-0.016590768471360207,-0.028690265491604805,0.0,0.04049898311495781,0.938232421875,0.086669921875,0.00836181640625,-6.018975734710693,0.00017085937724914402,-0.0010076238540932536,1.2796114683151245,6.466259956359863,0.09104442596435547,2498.0,0.20632469654083252,5.059999942779541,0.14475038647651672
76,0.019917109981179237,-0.01657060720026493,-0.02845262922346592,0.0,0.03990478068590164,0.94677734375,0.083740234375,0.00311279296875,-5.961609363555908,7.593750342493877e-05,0.004337535239756107,1.2821295261383057,6.451790809631348,0.09052658081054688,2504.0,0.20616231858730316,4.800000190734863,0.354097843170166
77,0.019879929721355438,-0.018696434795856476,-0.02871238999068737,0.0,0.04154210910201073,0.94451904296875,0.0828857421875,0.004638671875,-6.054221153259277,0.00038443360244855285,0.0023783778306096792,1.3114105463027954,6.5306901931762695,0.09005331993103027,2474.0,0.20596686005592346,5.130000114440918,0.3674025237560272
78,0.019872481003403664,-0.016881022602319717,-0.028181130066514015,0.0,0.040795810520648956,0.942626953125,0.0850830078125,0.00555419921875,-6.0883564949035645,3.3749998692655936e-05,0.008280682377517223,1.242812156677246,6.443077087402344,0.09005188941955566,2507.0,0.20557498931884766,5.389999866485596,0.4014623165130615
79,0.019923988729715347,-0.015340790152549744,-0.02769211120903492,0.0,0.04078717157244682,0.95269775390625,0.0728759765625,0.00396728515625,-6.193062782287598,3.3749998692655936e-05,0.004164152778685093,1.223406434059143,6.480390548706055,0.09003305435180664,2493.0,0.20545563101768494,5.050000190734863,0.5026859641075134
80,0.019880779087543488,-0.01724267564713955,-0.027878915891051292,0.0,0.042058054357767105,0.95037841796875,0.0770263671875,0.00482177734375,-6.234611988067627,9.999999747378752e-06,0.006003168411552906,1.2232848405838013,6.497374057769775,0.08852314949035645,2487.0,0.20543110370635986,4.980000019073486,0.42070531845092773
81,0.01991334557533264,-0.014938214793801308,-0.02676936239004135,0.0,0.04043780267238617,0.9588623046875,0.06427001953125,0.00445556640625,-6.29891300201416,0.00038443360244855285,0.0010664043948054314,1.1716033220291138,6.444954872131348,0.09102511405944824,2506.0,0.20551738142967224,5.059999942779541,0.440259724855423
82,0.019864551723003387,-0.013162142597138882,-0.026365065947175026,0.0,0.03903456777334213,0.95361328125,0.0699462890625,0.005859375,-6.33029842376709,0.0002562890585977584,0.0037495263386517763,1.119467854499817,6.451151371002197,0.0900263786315918,2504.0,0.2055686116218567,5.03000020980835,0.4170365333557129
83,0.01986568421125412,-0.014711306430399418,-0.02758229337632656,0.0,0.03893550857901573,0.96331787109375,0.055908203125,0.00531005859375,-6.373755931854248,0.0002562890585977584,0.0028804552275687456,1.1634795665740967,6.468859672546387,0.08902859687805176,2498.0,0.20540377497673035,5.019999980926514,0.3216925859451294
84,0.019836992025375366,-0.012539826333522797,-0.028398577123880386,0.0,0.036362506449222565,0.96337890625,0.04876708984375,0.00750732421875,-6.411246299743652,0.0002562890585977584,0.002034369157627225,1.0650827884674072,6.462127685546875,0.09103202819824219,2500.0,0.20521146059036255,5.119999885559082,0.3851335942745209
85,0.01990017294883728,-0.014939730055630207,-0.026840347796678543,0.0,0.039102405309677124,0.96600341796875,0.04901123046875,0.00518798828125,-6.396388053894043,7.593750342493877e-05,0.0040312521159648895,1.1498912572860718,6.521472930908203,0.09103560447692871,2477.0,0.20521095395088196,5.170000076293945,0.422649085521698
86,0.01988227292895317,-0.013902226462960243,-0.026777595281600952,0.0,0.0394783690571785,0.961669921875,0.05596923828125,0.00640869140625,-6.455739974975586,0.00017085937724914402,0.0014483360573649406,1.129026174545288,6.458352088928223,0.08952093124389648,2502.0,0.2050425261259079,4.869999885559082,0.4996061623096466
87,0.019827570766210556,-0.014774337410926819,-0.02720758318901062,0.0,0.04049697518348694,0.95855712890625,0.0592041015625,0.00738525390625,-6.468459129333496,0.00017085937724914402,0.0030698315240442753,1.1567319631576538,6.441952705383301,0.08953237533569336,2508.0,0.20477330684661865,5.050000190734863,0.4159642159938812
88,0.019908446818590164,-0.014173246920108795,-0.026734650135040283,0.0,0.041251134127378464,0.9552001953125,0.0650634765625,0.00347900390625,-6.480556011199951,3.3749998692655936e-05,0.004877803381532431,1.1011306047439575,6.483409404754639,0.0920255184173584,2491.0,0.20477060973644257,4.900000095367432,0.30330461263656616
89,0.019881242886185646,-0.012483691796660423,-0.02751566283404827,0.0,0.03813370317220688,0.95294189453125,0.06646728515625,0.00714111328125,-6.538243770599365,7.593750342493877e-05,0.002591625554487109,1.039960265159607,6.425271511077881,0.08902502059936523,2515.0,0.20469769835472107,4.800000190734863,0.3406115770339966
90,0.01985391601920128,-0.013686713762581348,-0.02617485448718071,0.0,0.040238529443740845,0.95904541015625,0.05902099609375,0.00677490234375,-6.591777324676514,3.3749998692655936e-05,0.00605650944635272,1.0726991891860962,6.506921768188477,0.08903336524963379,2483.0,0.20464861392974854,5.150000095367432,0.16293106973171234
91,0.01987086609005928,-0.013888413086533546,-0.028041468933224678,0.0,0.03950199857354164,0.94866943359375,0.075439453125,0.0057373046875,-6.642648220062256,5.062499985797331e-05,0.0037020868621766567,1.1104929447174072,6.454348087310791,0.09150886535644531,2502.0,0.20454761385917664,4.760000228881836,0.18731674551963806
92,0.01984902285039425,-0.014222737401723862,-0.02761523425579071,0.0,0.04008689522743225,0.95343017578125,0.06201171875,0.0079345703125,-6.683330059051514,0.00011390625149942935,0.0031051463447511196,1.0611392259597778,6.476544380187988,0.09003210067749023,2495.0,0.20452609658241272,4.889999866485596,0.4329075217247009
93,0.019831359386444092,-0.010380137711763382,-0.02673468366265297,0.0,0.037208329886198044,0.96728515625,0.04217529296875,0.0079345703125,-6.6926069259643555,7.593750342493877e-05,0.004538707435131073,0.9916703701019287,6.521670341491699,0.08904552459716797,2478.0,0.20463860034942627,5.110000133514404,0.3815852105617523
94,0.019847851246595383,-0.011412780731916428,-0.0264287106692791,0.0,0.03689422458410263,0.9688720703125,0.03857421875,0.006103515625,-6.747583866119385,0.00038443360244855285,0.001091206562705338,1.0379382371902466,6.464267253875732,0.09101104736328125,2499.0,0.20464441180229187,5.269999980926514,0.11803773045539856
95,0.01989654079079628,-0.011456727981567383,-0.027003774419426918,0.0,0.03842917084693909,0.96014404296875,0.0548095703125,0.00604248046875,-6.728726863861084,9.999999747378752e-06,0.007974114269018173,1.0009539127349854,6.49945068359375,0.09152626991271973,2485.0,0.20458829402923584,4.929999828338623,0.5949360728263855
96,0.019854208454489708,-0.011369407176971436,-0.027381975203752518,0.0,0.03905925899744034,0.9583740234375,0.0623779296875,0.00701904296875,-6.74993896484375,7.593750342493877e-05,0.0010887057287618518,1.0138152837753296,6.569092750549316,0.09102582931518555,2460.0,0.2044822871685028,5.059999942779541,0.3820691704750061
97,0.019895538687705994,-0.013487095013260841,-0.028114378452301025,0.0,0.03885391354560852,0.96099853515625,0.054443359375,0.00408935546875,-6.836897850036621,9.999999747378752e-06,0.004399189259856939,1.0482690334320068,6.4758381843566895,0.08953356742858887,2495.0,0.20433488488197327,4.730000019073486,0.24518311023712158
98,0.01985630765557289,-0.012429049238562584,-0.02693408541381359,0.0,0.03820527717471123,0.96112060546875,0.05352783203125,0.00543212890625,-6.915929794311523,0.00011390625149942935,0.0009346706210635602,0.9999439120292664,8.655470848083496,0.14204645156860352,1862.0,0.2042141854763031,5.010000228881836,0.26732614636421204
99,0.019908426329493523,-0.012562490999698639,-0.027765344828367233,0.0,0.03878631442785263,0.962646484375,0.0499267578125,0.0048828125,-7.012369155883789,5.062499985797331e-05,0.003771004034206271,1.0187041759490967,6.996651649475098,0.1275339126586914,2299.0,0.20405080914497375,4.739999771118164,0.1772061586380005
100,0.019831551238894463,-0.012886899523437023,-0.026849618181586266,0.0,0.039175696671009064,0.9603271484375,0.056884765625,0.0068359375,-7.061641693115234,0.00017085937724914402,0.002042827196419239,1.0119502544403076,8.969583511352539,0.1530473232269287,1795.0,0.20388063788414001,5.039999961853027,0.3942611515522003
101,0.019875317811965942,-0.011530167423188686,-0.02616763301193714,0.0,0.03825581073760986,0.97161865234375,0.0411376953125,0.00567626953125,-7.073703289031982,0.00011390625149942935,0.0037835496477782726,0.9502045512199402,8.179481506347656,0.1245429515838623,1973.0,0.20369696617126465,4.920000076293945,0.49661850929260254
102,0.019857516512274742,-0.011642536148428917,-0.025580044835805893,0.0,0.03865007311105728,0.96649169921875,0.03985595703125,0.00787353515625,-7.041647911071777,9.999999747378752e-06,0.006491067353636026,0.9694678783416748,7.518094062805176,0.12904620170593262,2142.0,0.20364731550216675,5.070000171661377,0.5861644744873047
103,0.019812773913145065,-0.011711609549820423,-0.025629360228776932,0.0,0.03849416226148605,0.9697265625,0.03759765625,0.00811767578125,-7.0630364418029785,9.999999747378752e-06,0.004396029748022556,0.9403257369995117,6.887903690338135,0.09353089332580566,2346.0,0.2036365121603012,4.71999979019165,0.4031880795955658
104,0.01987195387482643,-0.010634781792759895,-0.027578432112932205,0.0,0.03717571124434471,0.96881103515625,0.0419921875,0.00579833984375,-7.139518737792969,0.00011390625149942935,0.000919220969080925,0.9451406002044678,6.9235734939575195,0.09403729438781738,2334.0,0.2036401927471161,5.119999885559082,0.4915595054626465
105,0.019836803898215294,-0.011238468810915947,-0.02612251043319702,0.0,0.03734540566802025,0.96392822265625,0.0479736328125,0.00628662109375,-7.1159210205078125,1.4999999621068127e-05,0.009328985586762428,0.9240350723266602,6.881869316101074,0.0965273380279541,2347.0,0.2036595642566681,5.019999980926514,0.46286311745643616
106,0.019875943660736084,-0.008974150754511356,-0.026820369064807892,0.0,0.03657013922929764,0.9754638671875,0.0316162109375,0.00592041015625,-7.167367458343506,0.0002562890585977584,0.0023666510824114084,0.9522560834884644,6.539362907409668,0.0915226936340332,2470.0,0.203810453414917,5.019999980926514,0.4771488904953003
107,0.01986001804471016,-0.009900896809995174,-0.02534206211566925,0.0,0.03609305992722511,0.97760009765625,0.0235595703125,0.0069580078125,-7.162614345550537,7.593750342493877e-05,0.0036137450952082872,0.9270555973052979,6.503579139709473,0.09003448486328125,2484.0,0.20385222136974335,4.949999809265137,0.44681698083877563
108,0.019861707463860512,-0.010022398084402084,-0.026614472270011902,0.0,0.03635183721780777,0.97161865234375,0.03509521484375,0.00567626953125,-7.20238733291626,7.593750342493877e-05,0.0036606069188565016,0.9033417105674744,6.45896577835083,0.09302854537963867,2500.0,0.20376867055892944,5.179999828338623,0.5154396891593933
109,0.01985546573996544,-0.009189721196889877,-0.026339808478951454,0.0,0.038507625460624695,0.9708251953125,0.04052734375,0.00750732421875,-7.172679424285889,0.00017085937724914402,0.002896590856835246,0.901451826095581,6.463001251220703,0.08952713012695312,2500.0,0.2036556899547577,4.900000095367432,0.19914695620536804
110,0.019908322021365166,-0.012830328196287155,-0.026102257892489433,0.0,0.03896966204047203,0.968505859375,0.0487060546875,0.00360107421875,-7.224178791046143,3.3749998692655936e-05,0.005833744071424007,0.9836933612823486,6.551313400268555,0.09155511856079102,2466.0,0.2036207914352417,4.679999828338623,0.36626097559928894
111,0.019906381145119667,-0.01083230972290039,-0.026170440018177032,0.0,0.0385478138923645,0.97210693359375,0.04150390625,0.00396728515625,-7.230657577514648,0.00011390625149942935,0.0026295846328139305,0.9293837547302246,6.463064193725586,0.09052491188049316,2500.0,0.2035597264766693,4.989999771118164,0.7911949753761292
112,0.01993236318230629,-0.009230504743754864,-0.026070140302181244,0.0,0.03777625411748886,0.9752197265625,0.03961181640625,0.003173828125,-7.199370384216309,1.4999999621068127e-05,0.005752746015787125,0.9183371663093567,6.4944844245910645,0.09154891967773438,2487.0,0.20351456105709076,4.869999885559082,0.5690175890922546
113,0.019876845180988312,-0.010904975235462189,-0.02693699114024639,0.0,0.03870273754000664,0.97216796875,0.03594970703125,0.00494384765625,-7.260218143463135,0.0005766503745689988,0.0022766520269215107,0.969784140586853,6.512887954711914,0.09054756164550781,2481.0,0.2033376693725586,4.909999847412109,0.533058762550354
114,0.01987176388502121,-0.01004537008702755,-0.025474492460489273,0.0,0.03826653212308884,0.97064208984375,0.03778076171875,0.0050048828125,-7.317397594451904,0.00011390625149942935,0.006346534006297588,1.2620677947998047,6.429780006408691,0.09102606773376465,2512.0,0.20324037969112396,4.929999828338623,0.23381507396697998
115,0.019838757812976837,-0.01017702929675579,-0.027406394481658936,0.0,0.03641510754823685,0.9658203125,0.04071044921875,0.00726318359375,-7.24481201171875,9.999999747378752e-06,0.010864542797207832,0.9722580313682556,6.493232727050781,0.08852863311767578,2489.0,0.20323386788368225,4.889999866485596,0.36641573905944824
116,0.019886165857315063,-0.009511489421129227,-0.02531810849905014,0.0,0.03652413189411163,0.976318359375,0.03057861328125,0.00616455078125,-7.315124034881592,0.00017085937724914402,0.0008860484813340008,0.8883922696113586,6.439072132110596,0.08952474594116211,2509.0,0.20330971479415894,4.96999979019165,0.5811082124710083
117,0.01986232027411461,-0.008746739476919174,-0.0263419970870018,0.0,0.036152392625808716,0.97491455078125,0.02642822265625,0.006103515625,-7.3486552238464355,9.999999747378752e-06,0.008699626661837101,0.877309262752533,6.45338249206543,0.08800053596496582,2504.0,0.2033272683620453,4.739999771118164,0.5344045162200928
118,0.019835829734802246,-0.009495122358202934,-0.02582896128296852,0.0,0.03692609816789627,0.97247314453125,0.02996826171875,0.00689697265625,-7.354061126708984,1.4999999621068127e-05,0.003029861254617572,0.8827278017997742,6.5528106689453125,0.08801889419555664,2467.0,0.20330986380577087,4.980000019073486,0.4112212657928467
119,0.01985914260149002,-0.008562673814594746,-0.026730095967650414,0.0,0.036602847278118134,0.975341796875,0.0240478515625,0.00701904296875,-7.375370979309082,9.999999747378752e-06,0.005825689993798733,0.8789789080619812,6.441415786743164,0.09002923965454102,2508.0,0.20329499244689941,5.039999961853027,0.44209080934524536
120,0.019878510385751724,-0.00756562827154994,-0.026447322219610214,0.0,0.03585811331868172,0.98162841796875,0.02197265625,0.00482177734375,-7.4394402503967285,5.062499985797331e-05,0.0012031132355332375,0.8621439933776855,6.537092685699463,0.09253740310668945,2471.0,0.20324423909187317,4.869999885559082,0.4731375575065613
121,0.019838735461235046,-0.007465444505214691,-0.02538997307419777,0.0,0.03518819063901901,0.97882080078125,0.02099609375,0.00689697265625,-7.565759658813477,0.00017085937724914402,0.0013084360398352146,0.8304027318954468,6.467545032501221,0.09002399444580078,2498.0,0.2031945437192917,5.130000114440918,0.632970929145813
122,0.019907213747501373,-0.007610410451889038,-0.024884823709726334,0.0,0.03592780604958534,0.98492431640625,0.01458740234375,0.00518798828125,-7.525445938110352,9.999999747378752e-06,0.012584841810166836,0.833167552947998,6.466832160949707,0.08953356742858887,2498.0,0.20313405990600586,4.889999866485596,0.5304720997810364
123,0.019887583330273628,-0.008143307641148567,-0.02552543208003044,0.0,0.03612574189901352,0.98388671875,0.01641845703125,0.00372314453125,-7.510678768157959,9.999999747378752e-06,0.00586861465126276,0.8803418874740601,6.517585754394531,0.0915377140045166,2478.0,0.2031593769788742,5.230000019073486,0.6869275569915771
124,0.019856607541441917,-0.007395139895379543,-0.026806898415088654,0.0,0.03494977951049805,0.97796630859375,0.01910400390625,0.00738525390625,-7.506537914276123,5.062499985797331e-05,0.0023563557770103216,0.8255834579467773,6.450891494750977,0.09002685546875,2504.0,0.20313036441802979,5.349999904632568,0.5044517517089844
125,0.01986834779381752,-0.008839039131999016,-0.025097060948610306,0.0,0.03761068731546402,0.97796630859375,0.02191162109375,0.0064697265625,-7.570910453796387,7.593750342493877e-05,0.0021877349354326725,0.8579657077789307,6.47629451751709,0.09053277969360352,2494.0,0.20306691527366638,4.789999961853027,0.5918664336204529
126,0.019902756437659264,-0.009037867188453674,-0.02644350193440914,0.0,0.03675520420074463,0.974365234375,0.0316162109375,0.0054931640625,-7.557833194732666,2.2500000341096893e-05,0.007088672369718552,0.8585174679756165,6.479669094085693,0.0900261402130127,2493.0,0.20306096971035004,4.75,0.26818686723709106
127,0.019909124821424484,-0.008558118715882301,-0.025435209274291992,0.0,0.036269187927246094,0.97515869140625,0.02825927734375,0.00360107421875,-7.584601879119873,1.4999999621068127e-05,0.003454140154644847,0.8465433120727539,6.43013334274292,0.09225225448608398,2511.0,0.20303934812545776,4.940000057220459,0.48028337955474854
128,0.019864561036229134,-0.008083715103566647,-0.02567071095108986,0.0,0.037330009043216705,0.97998046875,0.02105712890625,0.00579833984375,-7.648805141448975,7.593750342493877e-05,0.0012656833278015256,0.856174111366272,6.511627674102783,0.09003162384033203,2481.0,0.20298640429973602,5.070000171661377,0.7069613933563232
129,0.0198445376008749,-0.008421601727604866,-0.02772943302989006,0.0,0.03648292273283005,0.97955322265625,0.02178955078125,0.00732421875,-7.650545120239258,7.593750342493877e-05,0.002842952264472842,0.8625758290290833,6.483096122741699,0.09504270553588867,2490.0,0.20297011733055115,4.769999980926514,0.21743988990783691
130,0.019863953813910484,-0.0081578828394413,-0.02606721967458725,0.0,0.03656584024429321,0.98272705078125,0.018798828125,0.00579833984375,-7.777111530303955,7.593750342493877e-05,0.0034582370426505804,0.869219183921814,6.479770660400391,0.09004664421081543,2493.0,0.2030596137046814,5.130000114440918,0.3373364806175232
131,0.019833654165267944,-0.008242073468863964,-0.026331650093197823,0.0,0.03698804974555969,0.978759765625,0.015869140625,0.00927734375,-7.72084379196167,5.062499985797331e-05,0.003925516735762358,0.8299238085746765,6.531137466430664,0.09154152870178223,2473.0,0.2031974494457245,5.0,0.5663679838180542
132,0.019878976047039032,-0.007558205630630255,-0.025578388944268227,0.0,0.036241672933101654,0.98541259765625,0.01385498046875,0.00543212890625,-7.780576705932617,3.3749998692655936e-05,0.0026946072466671467,0.854417085647583,6.444864273071289,0.08952760696411133,2507.0,0.20316290855407715,4.949999809265137,0.402086079120636
133,0.0198812372982502,-0.0062221502885222435,-0.02558670938014984,0.0,0.03574070334434509,0.983154296875,0.0152587890625,0.005126953125,-7.774078369140625,0.00011390625149942935,0.0019272672943770885,0.8071259260177612,6.521102428436279,0.08952927589416504,2478.0,0.20310211181640625,5.119999885559082,0.6942694187164307
134,0.019854620099067688,-0.008714277297258377,-0.026444468647241592,0.0,0.03674443066120148,0.98211669921875,0.0142822265625,0.00750732421875,-7.836125373840332,9.999999747378752e-06,0.011232291348278522,0.8637127876281738,6.472866058349609,0.09052824974060059,2496.0,0.2030152529478073,5.079999923706055,0.4438694417476654
135,0.01986093632876873,-0.009074447676539421,-0.025790417566895485,0.0,0.03732491284608841,0.97998046875,0.02001953125,0.00634765625,-7.856502532958984,5.062499985797331e-05,0.0018771580653265119,0.8608107566833496,6.492519855499268,0.08851933479309082,2489.0,0.20295856893062592,5.130000114440918,0.5615496635437012
136,0.01986587792634964,-0.008405664935708046,-0.026354119181632996,0.0,0.03686396777629852,0.9791259765625,0.0206298828125,0.00616455078125,-7.937572002410889,5.062499985797331e-05,0.004482314456254244,0.8154662251472473,6.502413272857666,0.0885305404663086,2485.0,0.20292580127716064,5.090000152587891,0.5932615995407104
137,0.019810941070318222,-0.00857561081647873,-0.02685057744383812,0.0,0.03814942389726639,0.970947265625,0.02996826171875,0.00762939453125,-7.987494945526123,5.062499985797331e-05,0.003692321479320526,0.8372586965560913,6.487513065338135,0.08920454978942871,2491.0,0.203030526638031,5.190000057220459,0.39028748869895935
138,0.019862908869981766,-0.008987161330878735,-0.0257079117000103,0.0,0.037549734115600586,0.9764404296875,0.02423095703125,0.00634765625,-8.013653755187988,7.593750342493877e-05,0.0019058092730119824,0.8499773740768433,6.467965602874756,0.08902812004089355,2498.0,0.20299141108989716,4.900000095367432,0.7029946446418762
139,0.019873861223459244,-0.007249482907354832,-0.02585795521736145,0.0,0.03664667531847954,0.9722900390625,0.02618408203125,0.00762939453125,-8.062685012817383,5.062499985797331e-05,0.0030304286628961563,0.7990578413009644,6.4402079582214355,0.09053683280944824,2508.0,0.2029288411140442,4.820000171661377,0.7517529726028442
140,0.019862055778503418,-0.007778441067785025,-0.026697827503085136,0.0,0.03660299628973007,0.97607421875,0.02618408203125,0.00653076171875,-8.048419952392578,3.3749998692655936e-05,0.00566684128716588,0.7977063059806824,6.625426292419434,0.0890357494354248,2440.0,0.2029249370098114,4.880000114440918,0.5044712424278259
141,0.019920645281672478,-0.007765071466565132,-0.02626579999923706,0.0,0.03650215268135071,0.98162841796875,0.02392578125,0.003662109375,-8.047196388244629,9.999999747378752e-06,0.0046697454527020454,0.8372033834457397,6.693411827087402,0.08953142166137695,2415.0,0.20293402671813965,5.25,0.666002094745636
142,0.01988379843533039,-0.0074220565147697926,-0.026143301278352737,0.0,0.03566935658454895,0.986328125,0.0123291015625,0.00579833984375,-8.066851615905762,5.062499985797331e-05,0.0026348440442234278,0.8354301452636719,6.495206832885742,0.09411883354187012,2486.0,0.20292073488235474,4.929999828338623,0.3907783329486847
143,0.019877837970852852,-0.006594284437596798,-0.026424765586853027,0.0,0.03493712097406387,0.98876953125,0.00927734375,0.0048828125,-8.097710609436035,3.3749998692655936e-05,0.003348992671817541,0.8050270676612854,6.506052017211914,0.09202861785888672,2483.0,0.20286314189434052,4.96999979019165,0.5035130977630615
144,0.01987404190003872,-0.005808928515762091,-0.025418292731046677,0.0,0.034899644553661346,0.9891357421875,0.006591796875,0.0057373046875,-8.103857040405273,9.999999747378752e-06,0.008151128888130188,0.7916022539138794,6.4950056076049805,0.09003162384033203,2488.0,0.20285575091838837,4.889999866485596,0.47224369645118713
145,0.019866149872541428,-0.006055277306586504,-0.025415878742933273,0.0,0.0348057746887207,0.986572265625,0.0089111328125,0.0064697265625,-8.12266731262207,1.4999999621068127e-05,0.0035580373369157314,0.7843708395957947,6.483105659484863,0.09302926063537598,2491.0,0.20284056663513184,5.03000020980835,0.6006373763084412
146,0.019878525286912918,-0.005583377555012703,-0.024290267378091812,0.0,0.03570922091603279,0.989990234375,0.00677490234375,0.00567626953125,-8.17838191986084,5.062499985797331e-05,0.0011506775626912713,0.7749950885772705,6.519594669342041,0.09001803398132324,2478.0,0.20280128717422485,4.960000038146973,0.7307606935501099
147,0.019897114485502243,-0.006165607366710901,-0.025924067944288254,0.0,0.0350041426718235,0.9893798828125,0.00860595703125,0.00518798828125,-8.169340133666992,1.4999999621068127e-05,0.006980512756854296,0.817206621170044,6.499725818634033,0.09153342247009277,2485.0,0.20283329486846924,4.869999885559082,0.7388083934783936
148,0.01987193524837494,-0.006117373704910278,-0.026319630444049835,0.0,0.03475095331668854,0.98828125,0.01116943359375,0.0052490234375,-8.184874534606934,1.4999999621068127e-05,0.004949974361807108,0.8195468187332153,6.504782676696777,0.09055733680725098,2484.0,0.20280680060386658,5.150000095367432,0.4397448003292084
149,0.019902823492884636,-0.005692821461707354,-0.025765269994735718,0.0,0.03502316772937775,0.99017333984375,0.00640869140625,0.0045166015625,-8.194038391113281,2.2500000341096893e-05,0.00453916797414422,0.8146215081214905,6.531528472900391,0.09153890609741211,2473.0,0.20280873775482178,4.96999979019165,0.38033533096313477
150,0.01991863176226616,-0.006197676062583923,-0.0256583783775568,0.0,0.035008762031793594,0.99188232421875,0.00640869140625,0.0032958984375,-8.195207595825195,0.0002562890585977584,0.0015026609180495143,0.8177328109741211,6.460665702819824,0.08903717994689941,2501.0,0.20260336995124817,4.940000057220459,0.2393396496772766
151,0.019915293902158737,-0.006114248186349869,-0.02552170492708683,0.0,0.034214332699775696,0.99066162109375,0.00726318359375,0.0037841796875,-8.21469497680664,9.999999747378752e-06,0.0075063034892082214,0.8134161829948425,6.493222236633301,0.08902859687805176,2489.0,0.20248207449913025,5.03000020980835,0.406284362077713
152,0.019863199442625046,-0.006385362707078457,-0.025317953899502754,0.0,0.033844269812107086,0.9896240234375,0.0064697265625,0.00555419921875,-8.200519561767578,5.062499985797331e-05,0.001920066773891449,0.8161439299583435,6.435891151428223,0.09253334999084473,2509.0,0.20240776240825653,4.960000038146973,0.5781540870666504
153,0.019901208579540253,-0.005665414035320282,-0.025482099503278732,0.0,0.033646948635578156,0.99169921875,0.00543212890625,0.0045166015625,-8.177770614624023,3.3749998692655936e-05,0.0033175062853842974,0.812606155872345,6.4003496170043945,0.09103035926818848,2523.0,0.20248237252235413,5.050000190734863,0.35226666927337646
154,0.019859611988067627,-0.006550840102136135,-0.024361787363886833,0.0,0.0346963107585907,0.99017333984375,0.00579833984375,0.00604248046875,-8.154221534729004,0.00011390625149942935,0.0023581460118293762,0.9309656023979187,6.475615501403809,0.0899355411529541,2495.0,0.2024357169866562,5.25,0.5058857202529907
155,0.019919393584132195,-0.006539308466017246,-0.026127096265554428,0.0,0.03409169986844063,0.99298095703125,0.0047607421875,0.00390625,-8.168970108032227,5.062499985797331e-05,0.004582491237670183,0.8131153583526611,6.441024303436279,0.08903169631958008,2509.0,0.20232228934764862,4.840000152587891,0.5553341507911682
156,0.019862011075019836,-0.0066031888127326965,-0.024025440216064453,0.0,0.03576864302158356,0.991455078125,0.00445556640625,0.00531005859375,-8.204421043395996,0.00011390625149942935,0.00120918033644557,0.8371101021766663,6.441805839538574,0.09039306640625,2508.0,0.2022114396095276,4.929999828338623,0.47857651114463806
157,0.019873399287462234,-0.006404452491551638,-0.02644151821732521,0.0,0.03298705071210861,0.9903564453125,0.00506591796875,0.00579833984375,-8.233023643493652,2.2500000341096893e-05,0.006594547536224127,0.7999329566955566,6.443216800689697,0.08902835845947266,2508.0,0.20212262868881226,5.0,0.3289808928966522
158,0.019877517595887184,-0.006274648476392031,-0.024687958881258965,0.0,0.03345097601413727,0.99346923828125,0.00164794921875,0.00543212890625,-8.203741073608398,0.00011390625149942935,0.0014265086501836777,0.8341037631034851,6.475546836853027,0.0915384292602539,2494.0,0.20213894546031952,5.190000057220459,0.7273935675621033
159,0.019919630140066147,-0.0065047405660152435,-0.025355815887451172,0.0,0.03339531645178795,0.99444580078125,0.00286865234375,0.00347900390625,-8.21431827545166,0.0002562890585977584,0.003221193328499794,0.808292806148529,6.494553565979004,0.09052586555480957,2488.0,0.20207488536834717,4.760000228881836,0.4277265965938568
160,0.019843902438879013,-0.006021532230079174,-0.0251285582780838,0.0,0.03333043307065964,0.99005126953125,0.00396728515625,0.00750732421875,-8.26325511932373,9.999999747378752e-06,0.011021810583770275,0.7845638990402222,6.481638431549072,0.09106588363647461,2492.0,0.20209138095378876,4.849999904632568,0.5936605334281921
161,0.01987615041434765,-0.007052565459161997,-0.02462685853242874,0.0,0.03463587164878845,0.98895263671875,0.00689697265625,0.00579833984375,-8.313578605651855,3.3749998692655936e-05,0.0020386867690831423,0.7863944172859192,6.42897891998291,0.08951044082641602,2513.0,0.20208525657653809,4.869999885559082,0.5097838640213013
162,0.019890181720256805,-0.0064980941824615,-0.025055812671780586,0.0,0.03579815849661827,0.98883056640625,0.008544921875,0.0052490234375,-8.314023971557617,5.062499985797331e-05,0.003912405576556921,0.7817291617393494,6.472290992736816,0.09003663063049316,2496.0,0.20226262509822845,4.989999771118164,0.3851434290409088
163,0.019854005426168442,-0.005542735569179058,-0.02554650604724884,0.0,0.03622715547680855,0.9857177734375,0.01092529296875,0.0068359375,-8.221927642822266,3.3749998692655936e-05,0.005089940503239632,0.752469003200531,6.4450836181640625,0.09103751182556152,2506.0,0.20228666067123413,4.78000020980835,0.6130549907684326
164,0.01988520473241806,-0.006206326186656952,-0.02605939470231533,0.0,0.03545913100242615,0.98626708984375,0.01251220703125,0.005615234375,-8.250227928161621,9.999999747378752e-06,0.006659125909209251,0.8060991764068604,6.508822917938232,0.09251523017883301,2481.0,0.2022850513458252,5.0,0.3585081398487091
165,0.01987275667488575,-0.006373302545398474,-0.025838952511548996,0.0,0.03644432872533798,0.9874267578125,0.01031494140625,0.00579833984375,-8.268791198730469,0.00038443360244855285,0.0007120784721337259,0.782548189163208,6.524028778076172,0.09104204177856445,2476.0,0.20213723182678223,4.889999866485596,0.3005487024784088
166,0.01990198716521263,-0.005263681523501873,-0.025273248553276062,0.0,0.03590407222509384,0.98687744140625,0.012451171875,0.00445556640625,-8.198944091796875,3.3749998692655936e-05,0.006772520020604134,0.7543538808822632,6.475665092468262,0.0900416374206543,2495.0,0.20205730199813843,4.96999979019165,0.3991073668003082
167,0.019850781187415123,-0.00662587583065033,-0.027217766270041466,0.0,0.0350915752351284,0.98541259765625,0.01055908203125,0.00714111328125,-8.29086971282959,3.3749998692655936e-05,0.00248054601252079,0.802272617816925,6.566305160522461,0.09105420112609863,2461.0,0.20203207433223724,4.820000171661377,0.645858645439148
168,0.019878115504980087,-0.007285651750862598,-0.025708965957164764,0.0,0.03824273496866226,0.986572265625,0.01544189453125,0.00445556640625,-8.270848274230957,0.00011390625149942935,0.0019185927230864763,0.8114100694656372,6.422846794128418,0.09151935577392578,2515.0,0.20203661918640137,4.949999809265137,0.3935850262641907
169,0.019898688420653343,-0.005840827710926533,-0.02390437200665474,0.0,0.036929525434970856,0.98846435546875,0.01141357421875,0.00469970703125,-8.29593563079834,5.062499985797331e-05,0.003804299049079418,0.7498900294303894,6.510189533233643,0.08903026580810547,2482.0,0.20204970240592957,4.800000190734863,0.42899617552757263
170,0.019843576475977898,-0.006392249837517738,-0.025003712624311447,0.0,0.03690445050597191,0.9862060546875,0.011474609375,0.005859375,-8.33956527709961,2.2500000341096893e-05,0.0038030813448131084,0.7671809196472168,6.476802825927734,0.09203553199768066,2494.0,0.202035591006279,4.789999961853027,0.4019712209701538
171,0.019877515733242035,-0.006757355760782957,-0.026566995307803154,0.0,0.03695668652653694,0.98480224609375,0.01348876953125,0.005126953125,-8.353019714355469,9.999999747378752e-06,0.006260599475353956,0.8044354915618896,6.448461532592773,0.0910041332244873,2505.0,0.20207934081554413,4.920000076293945,0.4365067481994629
172,0.019879061728715897,-0.006320394109934568,-0.02582213655114174,0.0,0.03668241947889328,0.9835205078125,0.013427734375,0.00616455078125,-8.351449966430664,2.2500000341096893e-05,0.0050351424142718315,0.74990314245224,6.552171230316162,0.09202933311462402,2465.0,0.2020631730556488,4.739999771118164,0.45889756083488464
173,0.0198148712515831,-0.007734986022114754,-0.026004601269960403,0.0,0.03708138316869736,0.97430419921875,0.02691650390625,0.00787353515625,-8.38410472869873,9.999999747378752e-06,0.006594739854335785,0.7707043290138245,6.474976062774658,0.09152531623840332,2495.0,0.2020505666732788,4.820000171661377,0.6096371412277222
174,0.019861334934830666,-0.010297629050910473,-0.025773651897907257,0.0,0.038525283336639404,0.9727783203125,0.0299072265625,0.0069580078125,-8.402786254882812,9.999999747378752e-06,0.005571168847382069,0.8329540491104126,6.468199253082275,0.0910341739654541,2497.0,0.20204369723796844,4.920000076293945,0.4557899236679077
175,0.019874807447195053,-0.010474864393472672,-0.026204828172922134,0.0,0.03909462317824364,0.96966552734375,0.03424072265625,0.0059814453125,-8.4376802444458,7.593750342493877e-05,0.002066483488306403,0.8183354139328003,6.514723777770996,0.08952498435974121,2480.0,0.2020321786403656,4.960000038146973,0.15074776113033295
176,0.019891267642378807,-0.011347017250955105,-0.026874281466007233,0.0,0.03953058272600174,0.96807861328125,0.04119873046875,0.0052490234375,-8.503534317016602,2.2500000341096893e-05,0.008145504631102085,0.8221172094345093,6.41571044921875,0.09303641319274902,2517.0,0.20204851031303406,4.679999828338623,0.6477006673812866
177,0.019862230867147446,-0.011715630069375038,-0.026845062151551247,0.0,0.03940468281507492,0.96466064453125,0.04461669921875,0.005615234375,-8.475089073181152,7.593750342493877e-05,0.0018830150365829468,0.850427508354187,6.480915546417236,0.09103226661682129,2493.0,0.202046737074852,4.800000190734863,0.3888155221939087
178,0.019847620278596878,-0.011464188806712627,-0.02552296593785286,0.0,0.039303675293922424,0.96429443359375,0.041015625,0.0079345703125,-8.487728118896484,3.3749998692655936e-05,0.006922478321939707,0.8225120902061462,6.463532447814941,0.09000778198242188,2500.0,0.20202486217021942,4.889999866485596,0.43845653533935547
179,0.0199015811085701,-0.012607337906956673,-0.02727276086807251,0.0,0.04013879597187042,0.96087646484375,0.0496826171875,0.00408935546875,-8.492234230041504,1.4999999621068127e-05,0.005586491897702217,0.857367753982544,6.472614288330078,0.08903646469116211,2496.0,0.20204830169677734,4.710000038146973,0.5359638333320618
180,0.01988730952143669,-0.012622295878827572,-0.027332806959748268,0.0,0.03892584145069122,0.9608154296875,0.048583984375,0.00506591796875,-8.496660232543945,9.999999747378752e-06,0.008637350052595139,0.8638051152229309,6.518120765686035,0.09227919578552246,2478.0,0.20204436779022217,4.800000190734863,0.5163057446479797
181,0.019879832863807678,-0.012762105092406273,-0.025464728474617004,0.0,0.04086963087320328,0.9715576171875,0.0361328125,0.0050048828125,-8.50679874420166,9.999999747378752e-06,0.004660665523260832,0.830772876739502,6.469467639923096,0.09101295471191406,2497.0,0.20206259191036224,5.010000228881836,0.3700163960456848
182,0.01990467868745327,-0.013940520584583282,-0.025941910222172737,0.0,0.04140785336494446,0.96551513671875,0.04644775390625,0.0037841796875,-8.495899200439453,9.999999747378752e-06,0.005847625434398651,0.8667925000190735,6.564064979553223,0.09104013442993164,2461.0,0.20206251740455627,4.849999904632568,0.43519991636276245
183,0.019893184304237366,-0.014462355524301529,-0.025302421301603317,0.0,0.04165283963084221,0.9622802734375,0.0513916015625,0.00494384765625,-8.472237586975098,9.999999747378752e-06,0.006309201009571552,0.8410813212394714,6.48000431060791,0.09105491638183594,2493.0,0.20206308364868164,4.760000228881836,0.3992983400821686
184,0.019857723265886307,-0.015949971973896027,-0.025589920580387115,0.0,0.042291492223739624,0.95684814453125,0.05352783203125,0.00634765625,-8.446015357971191,9.999999747378752e-06,0.006113281007856131,0.8658416271209717,6.471898555755615,0.0920262336730957,2496.0,0.20206952095031738,5.099999904632568,0.3365618586540222
185,0.019879817962646484,-0.01817469671368599,-0.026533471420407295,0.0,0.04296252876520157,0.95062255859375,0.064697265625,0.00555419921875,-8.401349067687988,9.999999747378752e-06,0.007986052893102169,0.884037971496582,6.513655185699463,0.08899497985839844,2481.0,0.20208196341991425,4.820000171661377,0.3286459147930145
186,0.019858237355947495,-0.019132182002067566,-0.026303788647055626,0.0,0.04366087168455124,0.94464111328125,0.077392578125,0.0069580078125,-8.35457992553711,5.062499985797331e-05,0.003035393776372075,0.9859983325004578,6.476009368896484,0.09055066108703613,2495.0,0.20210593938827515,4.820000171661377,0.13277333974838257
187,0.01989426463842392,-0.017413116991519928,-0.026653682813048363,0.0,0.04208126664161682,0.95367431640625,0.06744384765625,0.005126953125,-8.298213958740234,7.593750342493877e-05,0.0031024692580103874,0.9535675644874573,6.4217424392700195,0.0910336971282959,2515.0,0.20216386020183563,5.119999885559082,0.3879629075527191
188,0.019879154860973358,-0.016310302540659904,-0.027475763112306595,0.0,0.04138673469424248,0.94610595703125,0.0760498046875,0.00537109375,-8.31877613067627,7.593750342493877e-05,0.003945441916584969,0.9275254607200623,6.469909191131592,0.09441947937011719,2495.0,0.20221774280071259,4.849999904632568,0.5489565134048462
189,0.019880851730704308,-0.01837334595620632,-0.02823106199502945,0.0,0.04199428856372833,0.94818115234375,0.076171875,0.00518798828125,-8.287108421325684,1.4999999621068127e-05,0.004690526984632015,0.9695189595222473,6.422184944152832,0.089019775390625,2516.0,0.2022290825843811,4.5,0.21054621040821075
190,0.019892238080501556,-0.015356913208961487,-0.027248583734035492,0.0,0.04124798625707626,0.947265625,0.07421875,0.0042724609375,-8.302339553833008,9.999999747378752e-06,0.004818662069737911,0.8959951400756836,6.509035110473633,0.09153604507446289,2482.0,0.2022089660167694,4.699999809265137,0.4058758318424225
191,0.019868798553943634,-0.015068051405251026,-0.025699704885482788,0.0,0.041448064148426056,0.9578857421875,0.05877685546875,0.0057373046875,-8.274445533752441,2.2500000341096893e-05,0.0034592445008456707,0.8521479368209839,6.455381393432617,0.08802247047424316,2503.0,0.2022290676832199,4.860000133514404,0.40899133682250977
192,0.019882017746567726,-0.015100538730621338,-0.025889191776514053,0.0,0.04169552028179169,0.95257568359375,0.06353759765625,0.005859375,-8.263063430786133,2.2500000341096893e-05,0.0035902769304811954,0.8971183896064758,6.464068412780762,0.09102725982666016,2499.0,0.2022455930709839,4.760000228881836,0.4786047637462616
193,0.019854890182614326,-0.016612613573670387,-0.027151063084602356,0.0,0.04216627776622772,0.9449462890625,0.07708740234375,0.0064697265625,-8.269112586975098,0.00011390625149942935,0.0024595127906650305,0.8939498066902161,6.469870567321777,0.09115910530090332,2497.0,0.20230811834335327,4.940000057220459,0.62967449426651
194,0.019892476499080658,-0.016754508018493652,-0.02696150727570057,0.0,0.04225531965494156,0.95147705078125,0.0709228515625,0.00537109375,-8.227895736694336,9.999999747378752e-06,0.008175375871360302,0.8739319443702698,6.417245864868164,0.09003329277038574,2517.0,0.2023167610168457,4.760000228881836,0.41399723291397095
195,0.01987357996404171,-0.014946130104362965,-0.026321806013584137,0.0,0.041133902966976166,0.95367431640625,0.0601806640625,0.00506591796875,-8.210453987121582,3.3749998692655936e-05,0.004069250077009201,0.8608818054199219,6.545331954956055,0.08902859687805176,2469.0,0.20225295424461365,4.579999923706055,0.40706440806388855
196,0.019892700016498566,-0.0138387531042099,-0.02721446566283703,0.0,0.04132566973567009,0.9608154296875,0.05645751953125,0.0045166015625,-8.211532592773438,3.3749998692655936e-05,0.004305719397962093,0.857399582862854,6.463027000427246,0.09152841567993164,2499.0,0.20224665105342865,4.690000057220459,0.39183926582336426
197,0.01990361325442791,-0.014031443744897842,-0.02619623765349388,0.0,0.0417860746383667,0.9599609375,0.05438232421875,0.00390625,-8.260265350341797,3.3749998692655936e-05,0.004173940047621727,0.8536199927330017,6.48622989654541,0.08902549743652344,2491.0,0.20230841636657715,4.639999866485596,0.46110799908638
198,0.01987411454319954,-0.013453314080834389,-0.0275324285030365,0.0,0.03994351625442505,0.95458984375,0.0599365234375,0.0047607421875,-8.294778823852539,1.4999999621068127e-05,0.0042892638593912125,0.8577114343643188,6.51803731918335,0.09002685546875,2479.0,0.20237693190574646,4.659999847412109,0.6512369513511658
199,0.019840462133288383,-0.01454863604158163,-0.02551783248782158,0.0,0.04191617667675018,0.953369140625,0.0587158203125,0.0069580078125,-8.287753105163574,5.062499985797331e-05,0.003987164236605167,0.8547929525375366,6.467189788818359,0.09305238723754883,2497.0,0.20240545272827148,4.670000076293945,0.5192382335662842
200,0.019897792488336563,-0.012342734262347221,-0.026665251702070236,0.0,0.03906090930104256,0.96405029296875,0.04730224609375,0.00482177734375,-8.29309368133545,9.999999747378752e-06,0.005318655166774988,0.8543790578842163,6.506572246551514,0.08953118324279785,2483.0,0.20243510603904724,4.989999771118164,0.3308069705963135
201,0.01991305872797966,-0.01157550048083067,-0.024979999288916588,0.0,0.039575185626745224,0.96759033203125,0.04583740234375,0.0047607421875,-8.31766128540039,2.2500000341096893e-05,0.0019621870014816523,0.7902184724807739,6.516200065612793,0.09553813934326172,2478.0,0.20244190096855164,4.800000190734863,0.4482681155204773
202,0.0198526531457901,-0.009790146723389626,-0.026072192937135696,0.0,0.03837469220161438,0.97418212890625,0.03271484375,0.0059814453125,-8.363886833190918,9.999999747378752e-06,0.004232552833855152,0.775868833065033,6.464506149291992,0.08905506134033203,2500.0,0.2024809569120407,4.840000152587891,0.6400646567344666
203,0.0198531411588192,-0.007229019422084093,-0.025527838617563248,0.0,0.036916740238666534,0.9786376953125,0.0245361328125,0.0067138671875,-8.4544038772583,2.2500000341096893e-05,0.0009651646250858903,0.7292168140411377,6.517383098602295,0.09054446220397949,2479.0,0.2023916244506836,4.650000095367432,0.39960750937461853
204,0.01987164095044136,-0.006987213157117367,-0.02603759802877903,0.0,0.03769301623106003,0.98077392578125,0.0213623046875,0.00555419921875,-8.553170204162598,1.4999999621068127e-05,0.004342927131801844,0.7379133105278015,6.493099212646484,0.09003663063049316,2488.0,0.20236556231975555,4.900000095367432,0.7113152742385864
205,0.019866056740283966,-0.006137540563941002,-0.025296006351709366,0.0,0.035931285470724106,0.9830322265625,0.01708984375,0.0047607421875,-8.592094421386719,9.999999747378752e-06,0.0052525815553963184,0.7301621437072754,6.500168800354004,0.09053516387939453,2485.0,0.2023817002773285,5.070000171661377,0.706850528717041
206,0.019854718819260597,-0.005066010169684887,-0.02586793340742588,0.0,0.036085981875658035,0.98028564453125,0.01690673828125,0.0074462890625,-8.599495887756348,9.999999747378752e-06,0.003702503629028797,0.7311841249465942,6.498028755187988,0.08852791786193848,2487.0,0.20242094993591309,4.889999866485596,0.6417872905731201
207,0.0198497511446476,-0.006649640388786793,-0.02581193298101425,0.0,0.03676604479551315,0.97918701171875,0.0189208984375,0.00701904296875,-8.671587944030762,0.00011390625149942935,0.0009575759759172797,0.7622905373573303,6.413125991821289,0.09498953819274902,2517.0,0.20241253077983856,4.880000114440918,0.6069977879524231
208,0.019874179735779762,-0.005831839982420206,-0.025460010394454002,0.0,0.03731635957956314,0.98114013671875,0.0172119140625,0.007080078125,-8.763784408569336,0.00011390625149942935,0.0025115120224654675,0.7076510787010193,6.538097381591797,0.09348630905151367,2470.0,0.20233842730522156,4.809999942779541,0.5183436870574951
209,0.01987387239933014,-0.006002821493893862,-0.02615882083773613,0.0,0.0367959663271904,0.98370361328125,0.01470947265625,0.0062255859375,-8.771245956420898,9.999999747378752e-06,0.004119295161217451,0.7410889267921448,6.742203235626221,0.09653687477111816,2395.0,0.20228928327560425,4.639999866485596,0.45428362488746643
210,0.019877657294273376,-0.005918697454035282,-0.025911778211593628,0.0,0.036793969571590424,0.98211669921875,0.01617431640625,0.00634765625,-8.753478050231934,1.4999999621068127e-05,0.0038100536912679672,0.7188649773597717,6.871148586273193,0.0950324535369873,2351.0,0.20228181779384613,4.480000019073486,0.36724239587783813
211,0.019792567938566208,-0.006549535319209099,-0.024605195969343185,0.0,0.037419840693473816,0.9754638671875,0.0189208984375,0.009033203125,-8.791412353515625,3.3749998692655936e-05,0.002889810362830758,0.7173467874526978,6.899462699890137,0.09653878211975098,2341.0,0.2022947072982788,4.769999980926514,0.5267139077186584
